filename,class
data\Proliferate DR\Proliferate DR_137.png,Proliferate DR
data\Proliferate DR\Proliferate DR_68.png,Proliferate DR
data\Severe DR\Severe DR_15.png,Severe DR
data\Proliferate DR\Proliferate DR_270.png,Proliferate DR
data\Proliferate DR\Proliferate DR_261.png,Proliferate DR
data\Moderate DR\Moderate_DR_514.png,Moderate DR
data\Moderate DR\Moderate_DR_507.png,Moderate DR
data\Healthy\Healthy_457.png,Healthy
data\Moderate DR\Moderate_DR_545.png,Moderate DR
data\Healthy\Healthy_433.png,Healthy
data\Severe DR\Severe DR_107.png,Severe DR
data\Mild DR\Mild_DR_307.png,Mild DR
data\Healthy\Healthy_357.png,Healthy
data\Proliferate DR\Proliferate DR_57.png,Proliferate DR
data\Healthy\Healthy_309.png,Healthy
data\Healthy\Healthy_464.png,Healthy
data\Moderate DR\Moderate_DR_291.png,Moderate DR
data\Mild DR\Mild_DR_85.png,Mild DR
data\Moderate DR\Moderate_DR_35.png,Moderate DR
data\Mild DR\Mild_DR_94.png,Mild DR
data\Severe DR\Severe DR_177.png,Severe DR
data\Moderate DR\Moderate_DR_266.png,Moderate DR
data\Mild DR\Mild_DR_159.png,Mild DR
data\Proliferate DR\Proliferate DR_215.png,Proliferate DR
data\Mild DR\Mild_DR_198.png,Mild DR
data\Healthy\Healthy_370.png,Healthy
data\Proliferate DR\Proliferate DR_250.png,Proliferate DR
data\Moderate DR\Moderate_DR_372.png,Moderate DR
data\Moderate DR\Moderate_DR_362.png,Moderate DR
data\Healthy\Healthy_145.png,Healthy
data\Healthy\Healthy_356.png,Healthy
data\Severe DR\Severe DR_187.png,Severe DR
data\Moderate DR\Moderate_DR_128.png,Moderate DR
data\Mild DR\Mild_DR_315.png,Mild DR
data\Proliferate DR\Proliferate DR_138.png,Proliferate DR
data\Healthy\Healthy_156.png,Healthy
data\Healthy\Healthy_25.png,Healthy
data\Healthy\Healthy_18.png,Healthy
data\Healthy\Healthy_507.png,Healthy
data\Mild DR\Mild_DR_323.png,Mild DR
data\Proliferate DR\Proliferate DR_294.png,Proliferate DR
data\Healthy\Healthy_452.png,Healthy
data\Severe DR\Severe DR_58.png,Severe DR
data\Moderate DR\Moderate_DR_116.png,Moderate DR
data\Severe DR\Severe DR_152.png,Severe DR
data\Healthy\Healthy_505.png,Healthy
data\Moderate DR\Moderate_DR_493.png,Moderate DR
data\Mild DR\Mild_DR_252.png,Mild DR
data\Mild DR\Mild_DR_278.png,Mild DR
data\Proliferate DR\Proliferate DR_246.png,Proliferate DR
data\Mild DR\Mild_DR_314.png,Mild DR
data\Moderate DR\Moderate_DR_519.png,Moderate DR
data\Severe DR\Severe DR_13.png,Severe DR
data\Healthy\Healthy_95.png,Healthy
data\Healthy\Healthy_428.png,Healthy
data\Moderate DR\Moderate_DR_326.png,Moderate DR
data\Proliferate DR\Proliferate DR_156.png,Proliferate DR
data\Moderate DR\Moderate_DR_297.png,Moderate DR
data\Healthy\Healthy_180.png,Healthy
data\Healthy\Healthy_14.png,Healthy
data\Healthy\Healthy_283.png,Healthy
data\Moderate DR\Moderate_DR_404.png,Moderate DR
data\Healthy\Healthy_17.png,Healthy
data\Severe DR\Severe DR_47.png,Severe DR
data\Proliferate DR\Proliferate DR_174.png,Proliferate DR
data\Mild DR\Mild_DR_40.png,Mild DR
data\Moderate DR\Moderate_DR_506.png,Moderate DR
data\Moderate DR\Moderate_DR_334.png,Moderate DR
data\Proliferate DR\Proliferate DR_247.png,Proliferate DR
data\Proliferate DR\Proliferate DR_12.png,Proliferate DR
data\Proliferate DR\Proliferate DR_225.png,Proliferate DR
data\Severe DR\Severe DR_90.png,Severe DR
data\Healthy\Healthy_40.png,Healthy
data\Moderate DR\Moderate_DR_462.png,Moderate DR
data\Proliferate DR\Proliferate DR_203.png,Proliferate DR
data\Mild DR\Mild_DR_140.png,Mild DR
data\Moderate DR\Moderate_DR_353.png,Moderate DR
data\Moderate DR\Moderate_DR_294.png,Moderate DR
data\Moderate DR\Moderate_DR_435.png,Moderate DR
data\Healthy\Healthy_247.png,Healthy
data\Healthy\Healthy_99.png,Healthy
data\Moderate DR\Moderate_DR_235.png,Moderate DR
data\Healthy\Healthy_315.png,Healthy
data\Healthy\Healthy_246.png,Healthy
data\Moderate DR\Moderate_DR_270.png,Moderate DR
data\Severe DR\Severe DR_62.png,Severe DR
data\Moderate DR\Moderate_DR_55.png,Moderate DR
data\Healthy\Healthy_436.png,Healthy
data\Mild DR\Mild_DR_290.png,Mild DR
data\Moderate DR\Moderate_DR_189.png,Moderate DR
data\Healthy\Healthy_304.png,Healthy
data\Mild DR\Mild_DR_191.png,Mild DR
data\Mild DR\Mild_DR_125.png,Mild DR
data\Moderate DR\Moderate_DR_393.png,Moderate DR
data\Healthy\Healthy_76.png,Healthy
data\Proliferate DR\Proliferate DR_272.png,Proliferate DR
data\Moderate DR\Moderate_DR_426.png,Moderate DR
data\Severe DR\Severe DR_201.png,Severe DR
data\Healthy\Healthy_463.png,Healthy
data\Moderate DR\Moderate_DR_367.png,Moderate DR
data\Mild DR\Mild_DR_194.png,Mild DR
data\Moderate DR\Moderate_DR_483.png,Moderate DR
data\Mild DR\Mild_DR_274.png,Mild DR
data\Proliferate DR\Proliferate DR_291.png,Proliferate DR
data\Healthy\Healthy_497.png,Healthy
data\Healthy\Healthy_489.png,Healthy
data\Severe DR\Severe DR_196.png,Severe DR
data\Mild DR\Mild_DR_352.png,Mild DR
data\Moderate DR\Moderate_DR_517.png,Moderate DR
data\Proliferate DR\Proliferate DR_3.png,Proliferate DR
data\Healthy\Healthy_239.png,Healthy
data\Healthy\Healthy_308.png,Healthy
data\Moderate DR\Moderate_DR_78.png,Moderate DR
data\Severe DR\Severe DR_183.png,Severe DR
data\Healthy\Healthy_339.png,Healthy
data\Severe DR\Severe DR_185.png,Severe DR
data\Healthy\Healthy_352.png,Healthy
data\Moderate DR\Moderate_DR_73.png,Moderate DR
data\Mild DR\Mild_DR_289.png,Mild DR
data\Proliferate DR\Proliferate DR_135.png,Proliferate DR
data\Healthy\Healthy_480.png,Healthy
data\Mild DR\Mild_DR_276.png,Mild DR
data\Healthy\Healthy_64.png,Healthy
data\Proliferate DR\Proliferate DR_171.png,Proliferate DR
data\Moderate DR\Moderate_DR_147.png,Moderate DR
data\Mild DR\Mild_DR_90.png,Mild DR
data\Healthy\Healthy_437.png,Healthy
data\Mild DR\Mild_DR_339.png,Mild DR
data\Severe DR\Severe DR_16.png,Severe DR
data\Proliferate DR\Proliferate DR_287.png,Proliferate DR
data\Healthy\Healthy_327.png,Healthy
data\Moderate DR\Moderate_DR_442.png,Moderate DR
data\Mild DR\Mild_DR_83.png,Mild DR
data\Healthy\Healthy_140.png,Healthy
data\Mild DR\Mild_DR_257.png,Mild DR
data\Moderate DR\Moderate_DR_156.png,Moderate DR
data\Proliferate DR\Proliferate DR_240.png,Proliferate DR
data\Proliferate DR\Proliferate DR_268.png,Proliferate DR
data\Mild DR\Mild_DR_181.png,Mild DR
data\Healthy\Healthy_104.png,Healthy
data\Moderate DR\Moderate_DR_153.png,Moderate DR
data\Moderate DR\Moderate_DR_433.png,Moderate DR
data\Severe DR\Severe DR_33.png,Severe DR
data\Proliferate DR\Proliferate DR_112.png,Proliferate DR
data\Healthy\Healthy_320.png,Healthy
data\Moderate DR\Moderate_DR_112.png,Moderate DR
data\Proliferate DR\Proliferate DR_2.png,Proliferate DR
data\Moderate DR\Moderate_DR_172.png,Moderate DR
data\Mild DR\Mild_DR_361.png,Mild DR
data\Moderate DR\Moderate_DR_381.png,Moderate DR
data\Moderate DR\Moderate_DR_417.png,Moderate DR
data\Moderate DR\Moderate_DR_157.png,Moderate DR
data\Healthy\Healthy_201.png,Healthy
data\Mild DR\Mild_DR_139.png,Mild DR
data\Severe DR\Severe DR_133.png,Severe DR
data\Severe DR\Severe DR_57.png,Severe DR
data\Moderate DR\Moderate_DR_378.png,Moderate DR
data\Healthy\Healthy_257.png,Healthy
data\Moderate DR\Moderate_DR_149.png,Moderate DR
data\Proliferate DR\Proliferate DR_269.png,Proliferate DR
data\Moderate DR\Moderate_DR_113.png,Moderate DR
data\Healthy\Healthy_105.png,Healthy
data\Moderate DR\Moderate_DR_376.png,Moderate DR
data\Severe DR\Severe DR_156.png,Severe DR
data\Moderate DR\Moderate_DR_349.png,Moderate DR
data\Moderate DR\Moderate_DR_534.png,Moderate DR
data\Moderate DR\Moderate_DR_575.png,Moderate DR
data\Healthy\Healthy_211.png,Healthy
data\Moderate DR\Moderate_DR_32.png,Moderate DR
data\Mild DR\Mild_DR_74.png,Mild DR
data\Moderate DR\Moderate_DR_77.png,Moderate DR
data\Moderate DR\Moderate_DR_36.png,Moderate DR
data\Healthy\Healthy_371.png,Healthy
data\Moderate DR\Moderate_DR_191.png,Moderate DR
data\Healthy\Healthy_380.png,Healthy
data\Moderate DR\Moderate_DR_558.png,Moderate DR
data\Mild DR\Mild_DR_12.png,Mild DR
data\Proliferate DR\Proliferate DR_66.png,Proliferate DR
data\Healthy\Healthy_2.png,Healthy
data\Severe DR\Severe DR_54.png,Severe DR
data\Moderate DR\Moderate_DR_250.png,Moderate DR
data\Mild DR\Mild_DR_61.png,Mild DR
data\Moderate DR\Moderate_DR_391.png,Moderate DR
data\Moderate DR\Moderate_DR_28.png,Moderate DR
data\Healthy\Healthy_494.png,Healthy
data\Severe DR\Severe DR_155.png,Severe DR
data\Mild DR\Mild_DR_127.png,Mild DR
data\Healthy\Healthy.png,Healthy
data\Mild DR\Mild_DR_253.png,Mild DR
data\Mild DR\Mild_DR_319.png,Mild DR
data\Healthy\Healthy_108.png,Healthy
data\Proliferate DR\Proliferate DR_55.png,Proliferate DR
data\Moderate DR\Moderate_DR_280.png,Moderate DR
data\Healthy\Healthy_474.png,Healthy
data\Healthy\Healthy_39.png,Healthy
data\Mild DR\Mild_DR_54.png,Mild DR
data\Healthy\Healthy_78.png,Healthy
data\Mild DR\Mild_DR_349.png,Mild DR
data\Severe DR\Severe DR_169.png,Severe DR
data\Mild DR\Mild_DR_343.png,Mild DR
data\Healthy\Healthy_476.png,Healthy
data\Moderate DR\Moderate_DR_268.png,Moderate DR
data\Healthy\Healthy_510.png,Healthy
data\Mild DR\Mild_DR_226.png,Mild DR
data\Healthy\Healthy_399.png,Healthy
data\Moderate DR\Moderate_DR_541.png,Moderate DR
data\Healthy\Healthy_204.png,Healthy
data\Severe DR\Severe DR_193.png,Severe DR
data\Healthy\Healthy_89.png,Healthy
data\Severe DR\Severe DR_108.png,Severe DR
data\Healthy\Healthy_88.png,Healthy
data\Healthy\Healthy_384.png,Healthy
data\Moderate DR\Moderate_DR_537.png,Moderate DR
data\Moderate DR\Moderate_DR_400.png,Moderate DR
data\Mild DR\Mild_DR_172.png,Mild DR
data\Proliferate DR\Proliferate DR_220.png,Proliferate DR
data\Proliferate DR\Proliferate DR_103.png,Proliferate DR
data\Proliferate DR\Proliferate DR_150.png,Proliferate DR
data\Proliferate DR\Proliferate DR_192.png,Proliferate DR
data\Moderate DR\Moderate_DR_473.png,Moderate DR
data\Mild DR\Mild_DR_81.png,Mild DR
data\Proliferate DR\Proliferate DR_125.png,Proliferate DR
data\Severe DR\Severe DR_172.png,Severe DR
data\Severe DR\Severe DR_162.png,Severe DR
data\Mild DR\Mild_DR_236.png,Mild DR
data\Moderate DR\Moderate_DR_309.png,Moderate DR
data\Mild DR\Mild_DR_221.png,Mild DR
data\Severe DR\Severe DR_65.png,Severe DR
data\Mild DR\Mild_DR_227.png,Mild DR
data\Healthy\Healthy_289.png,Healthy
data\Healthy\Healthy_139.png,Healthy
data\Moderate DR\Moderate_DR_58.png,Moderate DR
data\Mild DR\Mild_DR_192.png,Mild DR
data\Proliferate DR\Proliferate DR_158.png,Proliferate DR
data\Healthy\Healthy_103.png,Healthy
data\Healthy\Healthy_439.png,Healthy
data\Moderate DR\Moderate_DR_591.png,Moderate DR
data\Mild DR\Mild_DR_303.png,Mild DR
data\Healthy\Healthy_266.png,Healthy
data\Healthy\Healthy_70.png,Healthy
data\Proliferate DR\Proliferate DR_279.png,Proliferate DR
data\Healthy\Healthy_331.png,Healthy
data\Moderate DR\Moderate_DR_59.png,Moderate DR
data\Proliferate DR\Proliferate DR_232.png,Proliferate DR
data\Healthy\Healthy_324.png,Healthy
data\Mild DR\Mild_DR_306.png,Mild DR
data\Moderate DR\Moderate_DR_402.png,Moderate DR
data\Mild DR\Mild_DR_202.png,Mild DR
data\Healthy\Healthy_401.png,Healthy
data\Healthy\Healthy_360.png,Healthy
data\Mild DR\Mild_DR_203.png,Mild DR
data\Healthy\Healthy_150.png,Healthy
data\Moderate DR\Moderate_DR_406.png,Moderate DR
data\Healthy\Healthy_466.png,Healthy
data\Healthy\Healthy_344.png,Healthy
data\Moderate DR\Moderate_DR_335.png,Moderate DR
data\Mild DR\Mild_DR_163.png,Mild DR
data\Healthy\Healthy_152.png,Healthy
data\Mild DR\Mild_DR_49.png,Mild DR
data\Healthy\Healthy_205.png,Healthy
data\Severe DR\Severe DR_117.png,Severe DR
data\Proliferate DR\Proliferate DR_216.png,Proliferate DR
data\Moderate DR\Moderate_DR_289.png,Moderate DR
data\Moderate DR\Moderate_DR_182.png,Moderate DR
data\Moderate DR\Moderate_DR_7.png,Moderate DR
data\Healthy\Healthy_153.png,Healthy
data\Healthy\Healthy_338.png,Healthy
data\Proliferate DR\Proliferate DR_75.png,Proliferate DR
data\Severe DR\Severe DR_79.png,Severe DR
data\Moderate DR\Moderate_DR_470.png,Moderate DR
data\Healthy\Healthy_63.png,Healthy
data\Moderate DR\Moderate_DR_539.png,Moderate DR
data\Mild DR\Mild_DR_8.png,Mild DR
data\Healthy\Healthy_58.png,Healthy
data\Severe DR\Severe DR_166.png,Severe DR
data\Healthy\Healthy_67.png,Healthy
data\Mild DR\Mild_DR_342.png,Mild DR
data\Proliferate DR\Proliferate DR_6.png,Proliferate DR
data\Severe DR\Severe DR_48.png,Severe DR
data\Mild DR\Mild_DR_369.png,Mild DR
data\Healthy\Healthy_475.png,Healthy
data\Moderate DR\Moderate_DR_287.png,Moderate DR
data\Moderate DR\Moderate_DR_57.png,Moderate DR
data\Severe DR\Severe DR_173.png,Severe DR
data\Moderate DR\Moderate_DR_346.png,Moderate DR
data\Healthy\Healthy_297.png,Healthy
data\Moderate DR\Moderate_DR_142.png,Moderate DR
data\Healthy\Healthy_441.png,Healthy
data\Healthy\Healthy_504.png,Healthy
data\Severe DR\Severe DR_101.png,Severe DR
data\Proliferate DR\Proliferate DR_262.png,Proliferate DR
data\Mild DR\Mild_DR_29.png,Mild DR
data\Healthy\Healthy_31.png,Healthy
data\Mild DR\Mild_DR_210.png,Mild DR
data\Moderate DR\Moderate_DR_91.png,Moderate DR
data\Healthy\Healthy_367.png,Healthy
data\Healthy\Healthy_427.png,Healthy
data\Moderate DR\Moderate_DR_272.png,Moderate DR
data\Mild DR\Mild_DR_170.png,Mild DR
data\Healthy\Healthy_90.png,Healthy
data\Healthy\Healthy_35.png,Healthy
data\Proliferate DR\Proliferate DR_271.png,Proliferate DR
data\Healthy\Healthy_133.png,Healthy
data\Severe DR\Severe DR_198.png,Severe DR
data\Moderate DR\Moderate_DR_459.png,Moderate DR
data\Severe DR\Severe DR_138.png,Severe DR
data\Moderate DR\Moderate_DR_286.png,Moderate DR
data\Moderate DR\Moderate_DR_432.png,Moderate DR
data\Healthy\Healthy_260.png,Healthy
data\Proliferate DR\Proliferate DR_181.png,Proliferate DR
data\Moderate DR\Moderate_DR_572.png,Moderate DR
data\Healthy\Healthy_400.png,Healthy
data\Proliferate DR\Proliferate DR_60.png,Proliferate DR
data\Mild DR\Mild_DR_152.png,Mild DR
data\Severe DR\Severe DR_53.png,Severe DR
data\Proliferate DR\Proliferate DR_212.png,Proliferate DR
data\Mild DR\Mild_DR_129.png,Mild DR
data\Healthy\Healthy_55.png,Healthy
data\Moderate DR\Moderate_DR_240.png,Moderate DR
data\Healthy\Healthy_213.png,Healthy
data\Healthy\Healthy_423.png,Healthy
data\Mild DR\Mild_DR_119.png,Mild DR
data\Moderate DR\Moderate_DR_146.png,Moderate DR
data\Proliferate DR\Proliferate DR_263.png,Proliferate DR
data\Proliferate DR\Proliferate DR_228.png,Proliferate DR
data\Healthy\Healthy_461.png,Healthy
data\Moderate DR\Moderate_DR_90.png,Moderate DR
data\Moderate DR\Moderate_DR_259.png,Moderate DR
data\Mild DR\Mild_DR_233.png,Mild DR
data\Moderate DR\Moderate_DR_260.png,Moderate DR
data\Healthy\Healthy_255.png,Healthy
data\Severe DR\Severe DR_112.png,Severe DR
data\Moderate DR\Moderate_DR_37.png,Moderate DR
data\Healthy\Healthy_455.png,Healthy
data\Mild DR\Mild_DR_364.png,Mild DR
data\Mild DR\Mild_DR_223.png,Mild DR
data\Mild DR\Mild_DR_265.png,Mild DR
data\Mild DR\Mild_DR_100.png,Mild DR
data\Healthy\Healthy_93.png,Healthy
data\Healthy\Healthy_196.png,Healthy
data\Moderate DR\Moderate_DR_38.png,Moderate DR
data\Healthy\Healthy_407.png,Healthy
data\Healthy\Healthy_126.png,Healthy
data\Mild DR\Mild_DR_362.png,Mild DR
data\Severe DR\Severe DR_124.png,Severe DR
data\Healthy\Healthy_36.png,Healthy
data\Moderate DR\Moderate_DR_170.png,Moderate DR
data\Moderate DR\Moderate_DR_564.png,Moderate DR
data\Healthy\Healthy_392.png,Healthy
data\Healthy\Healthy_447.png,Healthy
data\Healthy\Healthy_198.png,Healthy
data\Healthy\Healthy_276.png,Healthy
data\Mild DR\Mild_DR_112.png,Mild DR
data\Healthy\Healthy_472.png,Healthy
data\Healthy\Healthy_500.png,Healthy
data\Severe DR\Severe DR_74.png,Severe DR
data\Healthy\Healthy_521.png,Healthy
data\Healthy\Healthy_49.png,Healthy
data\Healthy\Healthy_224.png,Healthy
data\Healthy\Healthy_299.png,Healthy
data\Severe DR\Severe DR_44.png,Severe DR
data\Mild DR\Mild_DR_190.png,Mild DR
data\Proliferate DR\Proliferate DR_105.png,Proliferate DR
data\Moderate DR\Moderate_DR_319.png,Moderate DR
data\Mild DR\Mild_DR_282.png,Mild DR
data\Mild DR\Mild_DR_32.png,Mild DR
data\Proliferate DR\Proliferate DR_183.png,Proliferate DR
data\Moderate DR\Moderate_DR_85.png,Moderate DR
data\Proliferate DR\Proliferate DR_28.png,Proliferate DR
data\Moderate DR\Moderate_DR_370.png,Moderate DR
data\Severe DR\Severe DR_41.png,Severe DR
data\Healthy\Healthy_265.png,Healthy
data\Proliferate DR\Proliferate DR_43.png,Proliferate DR
data\Healthy\Healthy_132.png,Healthy
data\Mild DR\Mild_DR_206.png,Mild DR
data\Severe DR\Severe DR_122.png,Severe DR
data\Mild DR\Mild_DR_137.png,Mild DR
data\Healthy\Healthy_379.png,Healthy
data\Proliferate DR\Proliferate DR_115.png,Proliferate DR
data\Mild DR\Mild_DR_110.png,Mild DR
data\Healthy\Healthy_274.png,Healthy
data\Moderate DR\Moderate_DR_440.png,Moderate DR
data\Mild DR\Mild_DR_328.png,Mild DR
data\Mild DR\Mild_DR_358.png,Mild DR
data\Mild DR\Mild_DR_148.png,Mild DR
data\Healthy\Healthy_369.png,Healthy
data\Mild DR\Mild_DR_87.png,Mild DR
data\Healthy\Healthy_250.png,Healthy
data\Moderate DR\Moderate_DR_502.png,Moderate DR
data\Healthy\Healthy_242.png,Healthy
data\Healthy\Healthy_389.png,Healthy
data\Proliferate DR\Proliferate DR_160.png,Proliferate DR
data\Healthy\Healthy_121.png,Healthy
data\Moderate DR\Moderate_DR_165.png,Moderate DR
data\Proliferate DR\Proliferate DR_180.png,Proliferate DR
data\Moderate DR\Moderate_DR_345.png,Moderate DR
data\Healthy\Healthy_305.png,Healthy
data\Mild DR\Mild_DR_89.png,Mild DR
data\Proliferate DR\Proliferate DR_248.png,Proliferate DR
data\Healthy\Healthy_187.png,Healthy
data\Severe DR\Severe DR_49.png,Severe DR
data\Moderate DR\Moderate_DR_548.png,Moderate DR
data\Severe DR\Severe DR_43.png,Severe DR
data\Moderate DR\Moderate_DR_193.png,Moderate DR
data\Healthy\Healthy_190.png,Healthy
data\Healthy\Healthy_403.png,Healthy
data\Healthy\Healthy_199.png,Healthy
data\Mild DR\Mild_DR_230.png,Mild DR
data\Moderate DR\Moderate_DR_106.png,Moderate DR
data\Healthy\Healthy_172.png,Healthy
data\Healthy\Healthy_355.png,Healthy
data\Healthy\Healthy_114.png,Healthy
data\Proliferate DR\Proliferate DR_256.png,Proliferate DR
data\Proliferate DR\Proliferate DR_213.png,Proliferate DR
data\Proliferate DR\Proliferate DR_176.png,Proliferate DR
data\Mild DR\Mild_DR_286.png,Mild DR
data\Moderate DR\Moderate_DR_252.png,Moderate DR
data\Healthy\Healthy_312.png,Healthy
data\Proliferate DR\Proliferate DR_87.png,Proliferate DR
data\Moderate DR\Moderate_DR_190.png,Moderate DR
data\Moderate DR\Moderate_DR_48.png,Moderate DR
data\Proliferate DR\Proliferate DR_166.png,Proliferate DR
data\Moderate DR\Moderate_DR_497.png,Moderate DR
data\Severe DR\Severe DR_12.png,Severe DR
data\Moderate DR\Moderate_DR_125.png,Moderate DR
data\Proliferate DR\Proliferate DR_202.png,Proliferate DR
data\Mild DR\Mild_DR_347.png,Mild DR
data\Healthy\Healthy_396.png,Healthy
data\Healthy\Healthy_56.png,Healthy
data\Moderate DR\Moderate_DR_92.png,Moderate DR
data\Healthy\Healthy_412.png,Healthy
data\Moderate DR\Moderate_DR_96.png,Moderate DR
data\Mild DR\Mild_DR_121.png,Mild DR
data\Moderate DR\Moderate_DR_17.png,Moderate DR
data\Mild DR\Mild_DR_134.png,Mild DR
data\Moderate DR\Moderate_DR_292.png,Moderate DR
data\Moderate DR\Moderate_DR_72.png,Moderate DR
data\Moderate DR\Moderate_DR_550.png,Moderate DR
data\Mild DR\Mild_DR_53.png,Mild DR
data\Healthy\Healthy_4.png,Healthy
data\Healthy\Healthy_207.png,Healthy
data\Moderate DR\Moderate_DR_148.png,Moderate DR
data\Moderate DR\Moderate_DR_30.png,Moderate DR
data\Healthy\Healthy_462.png,Healthy
data\Healthy\Healthy_515.png,Healthy
data\Moderate DR\Moderate_DR_34.png,Moderate DR
data\Severe DR\Severe DR_98.png,Severe DR
data\Mild DR\Mild_DR_84.png,Mild DR
data\Moderate DR\Moderate_DR_137.png,Moderate DR
data\Moderate DR\Moderate_DR_16.png,Moderate DR
data\Healthy\Healthy_79.png,Healthy
data\Healthy\Healthy_159.png,Healthy
data\Moderate DR\Moderate_DR_441.png,Moderate DR
data\Proliferate DR\Proliferate DR_130.png,Proliferate DR
data\Moderate DR\Moderate_DR_411.png,Moderate DR
data\Severe DR\Severe DR_4.png,Severe DR
data\Mild DR\Mild_DR_132.png,Mild DR
data\Healthy\Healthy_225.png,Healthy
data\Severe DR\Severe DR_175.png,Severe DR
data\Mild DR\Mild_DR_63.png,Mild DR
data\Moderate DR\Moderate_DR_258.png,Moderate DR
data\Moderate DR\Moderate_DR_183.png,Moderate DR
data\Moderate DR\Moderate_DR_461.png,Moderate DR
data\Mild DR\Mild_DR_157.png,Mild DR
data\Healthy\Healthy_186.png,Healthy
data\Moderate DR\Moderate_DR_513.png,Moderate DR
data\Moderate DR\Moderate_DR_418.png,Moderate DR
data\Moderate DR\Moderate_DR_163.png,Moderate DR
data\Mild DR\Mild_DR_138.png,Mild DR
data\Mild DR\Mild_DR_244.png,Mild DR
data\Healthy\Healthy_161.png,Healthy
data\Healthy\Healthy_101.png,Healthy
data\Severe DR\Severe DR_111.png,Severe DR
data\Moderate DR\Moderate_DR_185.png,Moderate DR
data\Moderate DR\Moderate_DR_424.png,Moderate DR
data\Mild DR\Mild_DR_299.png,Mild DR
data\Moderate DR\Moderate_DR_51.png,Moderate DR
data\Moderate DR\Moderate_DR_488.png,Moderate DR
data\Mild DR\Mild_DR_272.png,Mild DR
data\Healthy\Healthy_170.png,Healthy
data\Healthy\Healthy_136.png,Healthy
data\Proliferate DR\Proliferate DR_184.png,Proliferate DR
data\Moderate DR\Moderate_DR_408.png,Moderate DR
data\Healthy\Healthy_347.png,Healthy
data\Healthy\Healthy_467.png,Healthy
data\Mild DR\Mild_DR_359.png,Mild DR
data\Proliferate DR\Proliferate DR_35.png,Proliferate DR
data\Moderate DR\Moderate_DR_495.png,Moderate DR
data\Moderate DR\Moderate_DR_160.png,Moderate DR
data\Mild DR\Mild_DR_169.png,Mild DR
data\Severe DR\Severe DR_137.png,Severe DR
data\Mild DR\Mild_DR_341.png,Mild DR
data\Healthy\Healthy_523.png,Healthy
data\Proliferate DR\Proliferate DR_136.png,Proliferate DR
data\Healthy\Healthy_16.png,Healthy
data\Moderate DR\Moderate_DR_434.png,Moderate DR
data\Moderate DR\Moderate_DR_321.png,Moderate DR
data\Moderate DR\Moderate_DR_436.png,Moderate DR
data\Moderate DR\Moderate_DR_53.png,Moderate DR
data\Severe DR\Severe DR_126.png,Severe DR
data\Proliferate DR\Proliferate DR_133.png,Proliferate DR
data\Moderate DR\Moderate_DR_302.png,Moderate DR
data\Healthy\Healthy_32.png,Healthy
data\Severe DR\Severe DR_159.png,Severe DR
data\Moderate DR\Moderate_DR_212.png,Moderate DR
data\Proliferate DR\Proliferate DR_89.png,Proliferate DR
data\Healthy\Healthy_215.png,Healthy
data\Moderate DR\Moderate_DR_315.png,Moderate DR
data\Mild DR\Mild_DR_360.png,Mild DR
data\Mild DR\Mild_DR_281.png,Mild DR
data\Moderate DR\Moderate_DR_540.png,Moderate DR
data\Proliferate DR\Proliferate DR_117.png,Proliferate DR
data\Healthy\Healthy_230.png,Healthy
data\Mild DR\Mild_DR_237.png,Mild DR
data\Healthy\Healthy_42.png,Healthy
data\Severe DR\Severe DR_145.png,Severe DR
data\Severe DR\Severe DR_20.png,Severe DR
data\Mild DR\Mild_DR_177.png,Mild DR
data\Moderate DR\Moderate_DR_31.png,Moderate DR
data\Moderate DR\Moderate_DR_100.png,Moderate DR
data\Moderate DR\Moderate_DR_409.png,Moderate DR
data\Moderate DR\Moderate_DR_238.png,Moderate DR
data\Moderate DR\Moderate_DR_122.png,Moderate DR
data\Moderate DR\Moderate_DR_472.png,Moderate DR
data\Moderate DR\Moderate_DR_220.png,Moderate DR
data\Healthy\Healthy_358.png,Healthy
data\Severe DR\Severe DR_180.png,Severe DR
data\Moderate DR\Moderate_DR_27.png,Moderate DR
data\Moderate DR\Moderate_DR_546.png,Moderate DR
data\Moderate DR\Moderate_DR_283.png,Moderate DR
data\Mild DR\Mild_DR_301.png,Mild DR
data\Healthy\Healthy_514.png,Healthy
data\Healthy\Healthy_175.png,Healthy
data\Mild DR\Mild_DR_216.png,Mild DR
data\Moderate DR\Moderate_DR_332.png,Moderate DR
data\Mild DR\Mild_DR_151.png,Mild DR
data\Moderate DR\Moderate_DR_214.png,Moderate DR
data\Moderate DR\Moderate_DR_205.png,Moderate DR
data\Healthy\Healthy_149.png,Healthy
data\Healthy\Healthy_7.png,Healthy
data\Healthy\Healthy_30.png,Healthy
data\Healthy\Healthy_317.png,Healthy
data\Severe DR\Severe DR_28.png,Severe DR
data\Moderate DR\Moderate_DR_562.png,Moderate DR
data\Healthy\Healthy_254.png,Healthy
data\Healthy\Healthy_432.png,Healthy
data\Moderate DR\Moderate_DR_522.png,Moderate DR
data\Proliferate DR\Proliferate DR_161.png,Proliferate DR
data\Moderate DR\Moderate_DR_431.png,Moderate DR
data\Healthy\Healthy_351.png,Healthy
data\Mild DR\Mild_DR_64.png,Mild DR
data\Proliferate DR\Proliferate DR_5.png,Proliferate DR
data\Proliferate DR\Proliferate DR_128.png,Proliferate DR
data\Moderate DR\Moderate_DR_485.png,Moderate DR
data\Mild DR\Mild_DR_187.png,Mild DR
data\Healthy\Healthy_66.png,Healthy
data\Severe DR\Severe DR_2.png,Severe DR
data\Moderate DR\Moderate_DR_567.png,Moderate DR
data\Healthy\Healthy_517.png,Healthy
data\Proliferate DR\Proliferate DR_169.png,Proliferate DR
data\Healthy\Healthy_71.png,Healthy
data\Healthy\Healthy_300.png,Healthy
data\Proliferate DR\Proliferate DR_74.png,Proliferate DR
data\Healthy\Healthy_502.png,Healthy
data\Moderate DR\Moderate_DR_518.png,Moderate DR
data\Moderate DR\Moderate_DR_200.png,Moderate DR
data\Proliferate DR\Proliferate DR_141.png,Proliferate DR
data\Severe DR\Severe DR_84.png,Severe DR
data\Mild DR\Mild_DR_179.png,Mild DR
data\Severe DR\Severe DR_102.png,Severe DR
data\Healthy\Healthy_465.png,Healthy
data\Healthy\Healthy_483.png,Healthy
data\Moderate DR\Moderate_DR_543.png,Moderate DR
data\Moderate DR\Moderate_DR_15.png,Moderate DR
data\Healthy\Healthy_323.png,Healthy
data\Mild DR\Mild_DR_242.png,Mild DR
data\Healthy\Healthy_525.png,Healthy
data\Mild DR\Mild_DR_183.png,Mild DR
data\Moderate DR\Moderate_DR_269.png,Moderate DR
data\Healthy\Healthy_282.png,Healthy
data\Mild DR\Mild_DR_195.png,Mild DR
data\Moderate DR\Moderate_DR_10.png,Moderate DR
data\Moderate DR\Moderate_DR_276.png,Moderate DR
data\Moderate DR\Moderate_DR_123.png,Moderate DR
data\Severe DR\Severe DR_121.png,Severe DR
data\Proliferate DR\Proliferate DR_107.png,Proliferate DR
data\Healthy\Healthy_343.png,Healthy
data\Mild DR\Mild_DR_176.png,Mild DR
data\Proliferate DR\Proliferate DR_110.png,Proliferate DR
data\Healthy\Healthy_131.png,Healthy
data\Moderate DR\Moderate_DR_458.png,Moderate DR
data\Mild DR\Mild_DR_24.png,Mild DR
data\Severe DR\Severe DR_36.png,Severe DR
data\Healthy\Healthy_74.png,Healthy
data\Mild DR\Mild_DR_318.png,Mild DR
data\Moderate DR\Moderate_DR_257.png,Moderate DR
data\Healthy\Healthy_231.png,Healthy
data\Mild DR\Mild_DR_78.png,Mild DR
data\Healthy\Healthy_418.png,Healthy
data\Moderate DR\Moderate_DR_65.png,Moderate DR
data\Proliferate DR\Proliferate DR_148.png,Proliferate DR
data\Moderate DR\Moderate_DR_126.png,Moderate DR
data\Moderate DR\Moderate_DR_2.png,Moderate DR
data\Mild DR\Mild_DR_327.png,Mild DR
data\Mild DR\Mild_DR_365.png,Mild DR
data\Moderate DR\Moderate_DR_264.png,Moderate DR
data\Mild DR\Mild_DR_56.png,Mild DR
data\Proliferate DR\Proliferate DR_82.png,Proliferate DR
data\Proliferate DR\Proliferate DR_7.png,Proliferate DR
data\Healthy\Healthy_346.png,Healthy
data\Healthy\Healthy_85.png,Healthy
data\Healthy\Healthy_496.png,Healthy
data\Moderate DR\Moderate_DR_340.png,Moderate DR
data\Moderate DR\Moderate_DR_6.png,Moderate DR
data\Mild DR\Mild_DR_366.png,Mild DR
data\Healthy\Healthy_185.png,Healthy
data\Moderate DR\Moderate_DR_117.png,Moderate DR
data\Healthy\Healthy_129.png,Healthy
data\Healthy\Healthy_420.png,Healthy
data\Healthy\Healthy_130.png,Healthy
data\Proliferate DR\Proliferate DR_85.png,Proliferate DR
data\Moderate DR\Moderate_DR_89.png,Moderate DR
data\Mild DR\Mild_DR_107.png,Mild DR
data\Mild DR\Mild_DR_288.png,Mild DR
data\Severe DR\Severe DR_119.png,Severe DR
data\Moderate DR\Moderate_DR_390.png,Moderate DR
data\Moderate DR\Moderate_DR_114.png,Moderate DR
data\Severe DR\Severe DR_141.png,Severe DR
data\Proliferate DR\Proliferate DR_168.png,Proliferate DR
data\Moderate DR\Moderate_DR_49.png,Moderate DR
data\Mild DR\Mild_DR_367.png,Mild DR
data\Moderate DR\Moderate_DR_187.png,Moderate DR
data\Proliferate DR\Proliferate DR_189.png,Proliferate DR
data\Moderate DR\Moderate_DR_279.png,Moderate DR
data\Moderate DR\Moderate_DR_162.png,Moderate DR
data\Healthy\Healthy_57.png,Healthy
data\Healthy\Healthy_168.png,Healthy
data\Moderate DR\Moderate_DR_499.png,Moderate DR
data\Healthy\Healthy_109.png,Healthy
data\Proliferate DR\Proliferate DR_42.png,Proliferate DR
data\Moderate DR\Moderate_DR_274.png,Moderate DR
data\Healthy\Healthy_164.png,Healthy
data\Proliferate DR\Proliferate DR_273.png,Proliferate DR
data\Severe DR\Severe DR_148.png,Severe DR
data\Mild DR\Mild_DR_111.png,Mild DR
data\Healthy\Healthy_184.png,Healthy
data\Healthy\Healthy_238.png,Healthy
data\Severe DR\Severe DR_130.png,Severe DR
data\Mild DR\Mild_DR_156.png,Mild DR
data\Moderate DR\Moderate_DR_509.png,Moderate DR
data\Proliferate DR\Proliferate DR_177.png,Proliferate DR
data\Proliferate DR\Proliferate DR_113.png,Proliferate DR
data\Severe DR\Severe DR_113.png,Severe DR
data\Proliferate DR\Proliferate DR_50.png,Proliferate DR
data\Moderate DR\Moderate_DR_328.png,Moderate DR
data\Severe DR\Severe DR_92.png,Severe DR
data\Moderate DR\Moderate_DR_301.png,Moderate DR
data\Mild DR\Mild_DR_317.png,Mild DR
data\Severe DR\Severe DR_38.png,Severe DR
data\Healthy\Healthy_3.png,Healthy
data\Moderate DR\Moderate_DR_105.png,Moderate DR
data\Mild DR\Mild_DR_205.png,Mild DR
data\Healthy\Healthy_173.png,Healthy
data\Healthy\Healthy_61.png,Healthy
data\Moderate DR\Moderate_DR_422.png,Moderate DR
data\Proliferate DR\Proliferate DR_9.png,Proliferate DR
data\Moderate DR\Moderate_DR_138.png,Moderate DR
data\Healthy\Healthy_385.png,Healthy
data\Healthy\Healthy_413.png,Healthy
data\Severe DR\Severe DR_77.png,Severe DR
data\Proliferate DR\Proliferate DR_186.png,Proliferate DR
data\Moderate DR\Moderate_DR_448.png,Moderate DR
data\Proliferate DR\Proliferate DR_59.png,Proliferate DR
data\Healthy\Healthy_51.png,Healthy
data\Moderate DR\Moderate_DR_139.png,Moderate DR
data\Moderate DR\Moderate_DR_415.png,Moderate DR
data\Proliferate DR\Proliferate DR_275.png,Proliferate DR
data\Proliferate DR\Proliferate DR_233.png,Proliferate DR
data\Moderate DR\Moderate_DR_255.png,Moderate DR
data\Moderate DR\Moderate_DR_33.png,Moderate DR
data\Severe DR\Severe DR_69.png,Severe DR
data\Mild DR\Mild_DR_173.png,Mild DR
data\Mild DR\Mild_DR_309.png,Mild DR
data\Severe DR\Severe DR_146.png,Severe DR
data\Severe DR\Severe DR_96.png,Severe DR
data\Moderate DR\Moderate_DR_505.png,Moderate DR
data\Healthy\Healthy_210.png,Healthy
data\Healthy\Healthy_262.png,Healthy
data\Healthy\Healthy_160.png,Healthy
data\Healthy\Healthy_449.png,Healthy
data\Moderate DR\Moderate_DR_322.png,Moderate DR
data\Mild DR\Mild_DR_283.png,Mild DR
data\Healthy\Healthy_442.png,Healthy
data\Moderate DR\Moderate_DR_446.png,Moderate DR
data\Mild DR\Mild_DR_175.png,Mild DR
data\Moderate DR\Moderate_DR_141.png,Moderate DR
data\Proliferate DR\Proliferate DR_194.png,Proliferate DR
data\Severe DR\Severe DR_78.png,Severe DR
data\Proliferate DR\Proliferate DR_252.png,Proliferate DR
data\Healthy\Healthy_116.png,Healthy
data\Moderate DR\Moderate_DR_261.png,Moderate DR
data\Moderate DR\Moderate_DR_206.png,Moderate DR
data\Moderate DR\Moderate_DR_379.png,Moderate DR
data\Healthy\Healthy_424.png,Healthy
data\Mild DR\Mild_DR_311.png,Mild DR
data\Healthy\Healthy_217.png,Healthy
data\Mild DR\Mild_DR_291.png,Mild DR
data\Mild DR\Mild_DR_345.png,Mild DR
data\Mild DR\Mild_DR_62.png,Mild DR
data\Proliferate DR\Proliferate DR_260.png,Proliferate DR
data\Healthy\Healthy_495.png,Healthy
data\Healthy\Healthy_445.png,Healthy
data\Severe DR\Severe DR_75.png,Severe DR
data\Mild DR\Mild_DR_39.png,Mild DR
data\Healthy\Healthy_453.png,Healthy
data\Mild DR\Mild_DR_304.png,Mild DR
data\Healthy\Healthy_390.png,Healthy
data\Moderate DR\Moderate_DR_375.png,Moderate DR
data\Mild DR\Mild_DR_45.png,Mild DR
data\Moderate DR\Moderate_DR_580.png,Moderate DR
data\Severe DR\Severe DR_81.png,Severe DR
data\Healthy\Healthy_307.png,Healthy
data\Healthy\Healthy_458.png,Healthy
data\Moderate DR\Moderate_DR_561.png,Moderate DR
data\Moderate DR\Moderate_DR_284.png,Moderate DR
data\Proliferate DR\Proliferate DR_64.png,Proliferate DR
data\Moderate DR\Moderate_DR_524.png,Moderate DR
data\Mild DR\Mild_DR_215.png,Mild DR
data\Moderate DR\Moderate_DR_131.png,Moderate DR
data\Healthy\Healthy_319.png,Healthy
data\Moderate DR\Moderate_DR_130.png,Moderate DR
data\Healthy\Healthy_488.png,Healthy
data\Moderate DR\Moderate_DR_178.png,Moderate DR
data\Moderate DR\Moderate_DR_547.png,Moderate DR
data\Moderate DR\Moderate_DR_527.png,Moderate DR
data\Moderate DR\Moderate_DR_299.png,Moderate DR
data\Proliferate DR\Proliferate DR_284.png,Proliferate DR
data\Moderate DR\Moderate_DR_145.png,Moderate DR
data\Healthy\Healthy_122.png,Healthy
data\Healthy\Healthy_26.png,Healthy
data\Healthy\Healthy_411.png,Healthy
data\Healthy\Healthy_416.png,Healthy
data\Healthy\Healthy_248.png,Healthy
data\Proliferate DR\Proliferate DR_142.png,Proliferate DR
data\Healthy\Healthy_430.png,Healthy
data\Healthy\Healthy_353.png,Healthy
data\Healthy\Healthy_425.png,Healthy
data\Healthy\Healthy_83.png,Healthy
data\Mild DR\Mild_DR_57.png,Mild DR
data\Healthy\Healthy_361.png,Healthy
data\Severe DR\Severe DR_140.png,Severe DR
data\Proliferate DR\Proliferate DR_129.png,Proliferate DR
data\Moderate DR\Moderate_DR_355.png,Moderate DR
data\Proliferate DR\Proliferate DR.png,Proliferate DR
data\Moderate DR\Moderate_DR_69.png,Moderate DR
data\Proliferate DR\Proliferate DR_99.png,Proliferate DR
data\Moderate DR\Moderate_DR_168.png,Moderate DR
data\Mild DR\Mild_DR_28.png,Mild DR
data\Moderate DR\Moderate_DR_21.png,Moderate DR
data\Healthy\Healthy_398.png,Healthy
data\Mild DR\Mild_DR_285.png,Mild DR
data\Healthy\Healthy_218.png,Healthy
data\Healthy\Healthy_263.png,Healthy
data\Severe DR\Severe DR_8.png,Severe DR
data\Moderate DR\Moderate_DR_414.png,Moderate DR
data\Mild DR\Mild_DR_232.png,Mild DR
data\Mild DR\Mild_DR_19.png,Mild DR
data\Healthy\Healthy_264.png,Healthy
data\Moderate DR\Moderate_DR_467.png,Moderate DR
data\Moderate DR\Moderate_DR_429.png,Moderate DR
data\Proliferate DR\Proliferate DR_80.png,Proliferate DR
data\Mild DR\Mild_DR_128.png,Mild DR
data\Proliferate DR\Proliferate DR_234.png,Proliferate DR
data\Mild DR\Mild_DR_329.png,Mild DR
data\Mild DR\Mild_DR_155.png,Mild DR
data\Moderate DR\Moderate_DR_63.png,Moderate DR
data\Healthy\Healthy_313.png,Healthy
data\Proliferate DR\Proliferate DR_217.png,Proliferate DR
data\Severe DR\Severe DR_129.png,Severe DR
data\Healthy\Healthy_368.png,Healthy
data\Healthy\Healthy_46.png,Healthy
data\Severe DR\Severe DR.png,Severe DR
data\Healthy\Healthy_73.png,Healthy
data\Moderate DR\Moderate_DR_398.png,Moderate DR
data\Moderate DR\Moderate_DR_538.png,Moderate DR
data\Proliferate DR\Proliferate DR_27.png,Proliferate DR
data\Moderate DR\Moderate_DR_401.png,Moderate DR
data\Proliferate DR\Proliferate DR_90.png,Proliferate DR
data\Moderate DR\Moderate_DR_278.png,Moderate DR
data\Moderate DR\Moderate_DR_42.png,Moderate DR
data\Moderate DR\Moderate_DR_115.png,Moderate DR
data\Moderate DR\Moderate_DR_86.png,Moderate DR
data\Mild DR\Mild_DR_269.png,Mild DR
data\Healthy\Healthy_166.png,Healthy
data\Moderate DR\Moderate_DR_354.png,Moderate DR
data\Moderate DR\Moderate_DR_508.png,Moderate DR
data\Healthy\Healthy_107.png,Healthy
data\Proliferate DR\Proliferate DR_17.png,Proliferate DR
data\Healthy\Healthy_182.png,Healthy
data\Mild DR\Mild_DR_41.png,Mild DR
data\Healthy\Healthy_473.png,Healthy
data\Healthy\Healthy_29.png,Healthy
data\Moderate DR\Moderate_DR_351.png,Moderate DR
data\Moderate DR\Moderate_DR_230.png,Moderate DR
data\Moderate DR\Moderate_DR_312.png,Moderate DR
data\Healthy\Healthy_454.png,Healthy
data\Severe DR\Severe DR_3.png,Severe DR
data\Mild DR\Mild_DR_277.png,Mild DR
data\Moderate DR\Moderate_DR_296.png,Moderate DR
data\Mild DR\Mild_DR.png,Mild DR
data\Severe DR\Severe DR_29.png,Severe DR
data\Moderate DR\Moderate_DR_405.png,Moderate DR
data\Severe DR\Severe DR_14.png,Severe DR
data\Moderate DR\Moderate_DR_239.png,Moderate DR
data\Mild DR\Mild_DR_162.png,Mild DR
data\Healthy\Healthy_21.png,Healthy
data\Severe DR\Severe DR_70.png,Severe DR
data\Mild DR\Mild_DR_98.png,Mild DR
data\Mild DR\Mild_DR_103.png,Mild DR
data\Healthy\Healthy_81.png,Healthy
data\Proliferate DR\Proliferate DR_243.png,Proliferate DR
data\Proliferate DR\Proliferate DR_211.png,Proliferate DR
data\Healthy\Healthy_252.png,Healthy
data\Proliferate DR\Proliferate DR_280.png,Proliferate DR
data\Moderate DR\Moderate_DR_324.png,Moderate DR
data\Severe DR\Severe DR_17.png,Severe DR
data\Mild DR\Mild_DR_293.png,Mild DR
data\Proliferate DR\Proliferate DR_173.png,Proliferate DR
data\Mild DR\Mild_DR_2.png,Mild DR
data\Moderate DR\Moderate_DR_150.png,Moderate DR
data\Moderate DR\Moderate_DR_574.png,Moderate DR
data\Moderate DR\Moderate_DR_108.png,Moderate DR
data\Moderate DR\Moderate_DR_201.png,Moderate DR
data\Mild DR\Mild_DR_7.png,Mild DR
data\Moderate DR\Moderate_DR_325.png,Moderate DR
data\Severe DR\Severe DR_136.png,Severe DR
data\Severe DR\Severe DR_139.png,Severe DR
data\Severe DR\Severe DR_123.png,Severe DR
data\Severe DR\Severe DR_151.png,Severe DR
data\Healthy\Healthy_203.png,Healthy
data\Mild DR\Mild_DR_248.png,Mild DR
data\Proliferate DR\Proliferate DR_253.png,Proliferate DR
data\Moderate DR\Moderate_DR_594.png,Moderate DR
data\Severe DR\Severe DR_52.png,Severe DR
data\Moderate DR\Moderate_DR_109.png,Moderate DR
data\Proliferate DR\Proliferate DR_77.png,Proliferate DR
data\Mild DR\Mild_DR_178.png,Mild DR
data\Healthy\Healthy_417.png,Healthy
data\Healthy\Healthy_415.png,Healthy
data\Moderate DR\Moderate_DR_410.png,Moderate DR
data\Severe DR\Severe DR_67.png,Severe DR
data\Healthy\Healthy_236.png,Healthy
data\Healthy\Healthy_219.png,Healthy
data\Healthy\Healthy_513.png,Healthy
data\Healthy\Healthy_421.png,Healthy
data\Mild DR\Mild_DR_270.png,Mild DR
data\Mild DR\Mild_DR_88.png,Mild DR
data\Healthy\Healthy_322.png,Healthy
data\Healthy\Healthy_221.png,Healthy
data\Mild DR\Mild_DR_287.png,Mild DR
data\Healthy\Healthy_227.png,Healthy
data\Proliferate DR\Proliferate DR_230.png,Proliferate DR
data\Moderate DR\Moderate_DR_246.png,Moderate DR
data\Healthy\Healthy_47.png,Healthy
data\Mild DR\Mild_DR_260.png,Mild DR
data\Mild DR\Mild_DR_21.png,Mild DR
data\Mild DR\Mild_DR_123.png,Mild DR
data\Mild DR\Mild_DR_296.png,Mild DR
data\Mild DR\Mild_DR_209.png,Mild DR
data\Mild DR\Mild_DR_10.png,Mild DR
data\Healthy\Healthy_8.png,Healthy
data\Proliferate DR\Proliferate DR_249.png,Proliferate DR
data\Moderate DR\Moderate_DR_127.png,Moderate DR
data\Moderate DR\Moderate_DR_180.png,Moderate DR
data\Healthy\Healthy_192.png,Healthy
data\Healthy\Healthy_285.png,Healthy
data\Moderate DR\Moderate_DR_244.png,Moderate DR
data\Moderate DR\Moderate_DR_177.png,Moderate DR
data\Healthy\Healthy_314.png,Healthy
data\Healthy\Healthy_127.png,Healthy
data\Moderate DR\Moderate_DR_198.png,Moderate DR
data\Moderate DR\Moderate_DR_256.png,Moderate DR
data\Proliferate DR\Proliferate DR_109.png,Proliferate DR
data\Moderate DR\Moderate_DR_124.png,Moderate DR
data\Mild DR\Mild_DR_363.png,Mild DR
data\Mild DR\Mild_DR_47.png,Mild DR
data\Proliferate DR\Proliferate DR_51.png,Proliferate DR
data\Mild DR\Mild_DR_213.png,Mild DR
data\Moderate DR\Moderate_DR_140.png,Moderate DR
data\Moderate DR\Moderate_DR_586.png,Moderate DR
data\Mild DR\Mild_DR_340.png,Mild DR
data\Moderate DR\Moderate_DR_313.png,Moderate DR
data\Moderate DR\Moderate_DR_298.png,Moderate DR
data\Healthy\Healthy_65.png,Healthy
data\Moderate DR\Moderate_DR_560.png,Moderate DR
data\Healthy\Healthy_115.png,Healthy
data\Proliferate DR\Proliferate DR_146.png,Proliferate DR
data\Mild DR\Mild_DR_240.png,Mild DR
data\Proliferate DR\Proliferate DR_14.png,Proliferate DR
data\Moderate DR\Moderate_DR_587.png,Moderate DR
data\Moderate DR\Moderate_DR_420.png,Moderate DR
data\Moderate DR\Moderate_DR_12.png,Moderate DR
data\Moderate DR\Moderate_DR_171.png,Moderate DR
data\Healthy\Healthy_321.png,Healthy
data\Healthy\Healthy_229.png,Healthy
data\Proliferate DR\Proliferate DR_290.png,Proliferate DR
data\Proliferate DR\Proliferate DR_235.png,Proliferate DR
data\Moderate DR\Moderate_DR_222.png,Moderate DR
data\Moderate DR\Moderate_DR_305.png,Moderate DR
data\Severe DR\Severe DR_157.png,Severe DR
data\Healthy\Healthy_281.png,Healthy
data\Severe DR\Severe DR_89.png,Severe DR
data\Healthy\Healthy_329.png,Healthy
data\Moderate DR\Moderate_DR_542.png,Moderate DR
data\Moderate DR\Moderate_DR_444.png,Moderate DR
data\Proliferate DR\Proliferate DR_126.png,Proliferate DR
data\Healthy\Healthy_288.png,Healthy
data\Healthy\Healthy_492.png,Healthy
data\Mild DR\Mild_DR_79.png,Mild DR
data\Mild DR\Mild_DR_105.png,Mild DR
data\Proliferate DR\Proliferate DR_24.png,Proliferate DR
data\Severe DR\Severe DR_83.png,Severe DR
data\Proliferate DR\Proliferate DR_254.png,Proliferate DR
data\Mild DR\Mild_DR_16.png,Mild DR
data\Healthy\Healthy_258.png,Healthy
data\Healthy\Healthy_100.png,Healthy
data\Healthy\Healthy_240.png,Healthy
data\Healthy\Healthy_237.png,Healthy
data\Mild DR\Mild_DR_71.png,Mild DR
data\Severe DR\Severe DR_31.png,Severe DR
data\Moderate DR\Moderate_DR_373.png,Moderate DR
data\Severe DR\Severe DR_87.png,Severe DR
data\Proliferate DR\Proliferate DR_69.png,Proliferate DR
data\Moderate DR\Moderate_DR_218.png,Moderate DR
data\Moderate DR\Moderate_DR_590.png,Moderate DR
data\Mild DR\Mild_DR_66.png,Mild DR
data\Moderate DR\Moderate_DR_267.png,Moderate DR
data\Moderate DR\Moderate_DR_399.png,Moderate DR
data\Healthy\Healthy_174.png,Healthy
data\Proliferate DR\Proliferate DR_199.png,Proliferate DR
data\Proliferate DR\Proliferate DR_288.png,Proliferate DR
data\Moderate DR\Moderate_DR_596.png,Moderate DR
data\Mild DR\Mild_DR_80.png,Mild DR
data\Mild DR\Mild_DR_259.png,Mild DR
data\Mild DR\Mild_DR_324.png,Mild DR
data\Proliferate DR\Proliferate DR_121.png,Proliferate DR
data\Moderate DR\Moderate_DR_262.png,Moderate DR
data\Moderate DR\Moderate_DR_350.png,Moderate DR
data\Severe DR\Severe DR_125.png,Severe DR
data\Proliferate DR\Proliferate DR_119.png,Proliferate DR
data\Moderate DR\Moderate_DR_144.png,Moderate DR
data\Severe DR\Severe DR_167.png,Severe DR
data\Proliferate DR\Proliferate DR_175.png,Proliferate DR
data\Moderate DR\Moderate_DR_181.png,Moderate DR
data\Mild DR\Mild_DR_75.png,Mild DR
data\Proliferate DR\Proliferate DR_149.png,Proliferate DR
data\Mild DR\Mild_DR_310.png,Mild DR
data\Mild DR\Mild_DR_50.png,Mild DR
data\Proliferate DR\Proliferate DR_162.png,Proliferate DR
data\Moderate DR\Moderate_DR_474.png,Moderate DR
data\Healthy\Healthy_113.png,Healthy
data\Healthy\Healthy_443.png,Healthy
data\Severe DR\Severe DR_50.png,Severe DR
data\Moderate DR\Moderate_DR_482.png,Moderate DR
data\Mild DR\Mild_DR_256.png,Mild DR
data\Proliferate DR\Proliferate DR_178.png,Proliferate DR
data\Healthy\Healthy_269.png,Healthy
data\Healthy\Healthy_167.png,Healthy
data\Healthy\Healthy_162.png,Healthy
data\Moderate DR\Moderate_DR_494.png,Moderate DR
data\Mild DR\Mild_DR_4.png,Mild DR
data\Moderate DR\Moderate_DR_234.png,Moderate DR
data\Moderate DR\Moderate_DR_532.png,Moderate DR
data\Mild DR\Mild_DR_68.png,Mild DR
data\Proliferate DR\Proliferate DR_266.png,Proliferate DR
data\Severe DR\Severe DR_32.png,Severe DR
data\Mild DR\Mild_DR_241.png,Mild DR
data\Moderate DR\Moderate_DR_316.png,Moderate DR
data\Healthy\Healthy_493.png,Healthy
data\Mild DR\Mild_DR_331.png,Mild DR
data\Moderate DR\Moderate_DR_285.png,Moderate DR
data\Moderate DR\Moderate_DR_357.png,Moderate DR
data\Mild DR\Mild_DR_346.png,Mild DR
data\Healthy\Healthy_125.png,Healthy
data\Mild DR\Mild_DR_144.png,Mild DR
data\Moderate DR\Moderate_DR_347.png,Moderate DR
data\Mild DR\Mild_DR_116.png,Mild DR
data\Moderate DR\Moderate_DR_535.png,Moderate DR
data\Severe DR\Severe DR_160.png,Severe DR
data\Mild DR\Mild_DR_214.png,Mild DR
data\Moderate DR\Moderate_DR_568.png,Moderate DR
data\Proliferate DR\Proliferate DR_47.png,Proliferate DR
data\Healthy\Healthy_120.png,Healthy
data\Mild DR\Mild_DR_295.png,Mild DR
data\Proliferate DR\Proliferate DR_282.png,Proliferate DR
data\Moderate DR\Moderate_DR_271.png,Moderate DR
data\Mild DR\Mild_DR_239.png,Mild DR
data\Moderate DR\Moderate_DR_22.png,Moderate DR
data\Moderate DR\Moderate_DR_471.png,Moderate DR
data\Severe DR\Severe DR_189.png,Severe DR
data\Healthy\Healthy_386.png,Healthy
data\Moderate DR\Moderate_DR_368.png,Moderate DR
data\Healthy\Healthy_279.png,Healthy
data\Mild DR\Mild_DR_118.png,Mild DR
data\Healthy\Healthy_405.png,Healthy
data\Mild DR\Mild_DR_312.png,Mild DR
data\Severe DR\Severe DR_144.png,Severe DR
data\Healthy\Healthy_23.png,Healthy
data\Moderate DR\Moderate_DR_80.png,Moderate DR
data\Mild DR\Mild_DR_164.png,Mild DR
data\Healthy\Healthy_456.png,Healthy
data\Healthy\Healthy_520.png,Healthy
data\Moderate DR\Moderate_DR_337.png,Moderate DR
data\Mild DR\Mild_DR_320.png,Mild DR
data\Mild DR\Mild_DR_219.png,Mild DR
data\Moderate DR\Moderate_DR_9.png,Moderate DR
data\Healthy\Healthy_340.png,Healthy
data\Mild DR\Mild_DR_153.png,Mild DR
data\Moderate DR\Moderate_DR_323.png,Moderate DR
data\Mild DR\Mild_DR_335.png,Mild DR
data\Healthy\Healthy_119.png,Healthy
data\Proliferate DR\Proliferate DR_46.png,Proliferate DR
data\Moderate DR\Moderate_DR_43.png,Moderate DR
data\Proliferate DR\Proliferate DR_182.png,Proliferate DR
data\Healthy\Healthy_197.png,Healthy
data\Proliferate DR\Proliferate DR_32.png,Proliferate DR
data\Healthy\Healthy_301.png,Healthy
data\Moderate DR\Moderate_DR_555.png,Moderate DR
data\Mild DR\Mild_DR_350.png,Mild DR
data\Moderate DR\Moderate_DR_566.png,Moderate DR
data\Mild DR\Mild_DR_250.png,Mild DR
data\Moderate DR\Moderate_DR_421.png,Moderate DR
data\Severe DR\Severe DR_179.png,Severe DR
data\Moderate DR\Moderate_DR_443.png,Moderate DR
data\Moderate DR\Moderate_DR_288.png,Moderate DR
data\Proliferate DR\Proliferate DR_86.png,Proliferate DR
data\Mild DR\Mild_DR_199.png,Mild DR
data\Moderate DR\Moderate_DR_99.png,Moderate DR
data\Healthy\Healthy_335.png,Healthy
data\Severe DR\Severe DR_21.png,Severe DR
data\Moderate DR\Moderate_DR_242.png,Moderate DR
data\Mild DR\Mild_DR_67.png,Mild DR
data\Mild DR\Mild_DR_268.png,Mild DR
data\Moderate DR\Moderate_DR_449.png,Moderate DR
data\Moderate DR\Moderate_DR_465.png,Moderate DR
data\Mild DR\Mild_DR_351.png,Mild DR
data\Healthy\Healthy_134.png,Healthy
data\Healthy\Healthy_177.png,Healthy
data\Proliferate DR\Proliferate DR_15.png,Proliferate DR
data\Mild DR\Mild_DR_108.png,Mild DR
data\Proliferate DR\Proliferate DR_33.png,Proliferate DR
data\Moderate DR\Moderate_DR_529.png,Moderate DR
data\Severe DR\Severe DR_39.png,Severe DR
data\Mild DR\Mild_DR_300.png,Mild DR
data\Proliferate DR\Proliferate DR_190.png,Proliferate DR
data\Moderate DR\Moderate_DR_8.png,Moderate DR
data\Proliferate DR\Proliferate DR_165.png,Proliferate DR
data\Moderate DR\Moderate_DR_463.png,Moderate DR
data\Proliferate DR\Proliferate DR_104.png,Proliferate DR
data\Healthy\Healthy_373.png,Healthy
data\Proliferate DR\Proliferate DR_281.png,Proliferate DR
data\Severe DR\Severe DR_197.png,Severe DR
data\Moderate DR\Moderate_DR_329.png,Moderate DR
data\Healthy\Healthy_183.png,Healthy
data\Healthy\Healthy_12.png,Healthy
data\Severe DR\Severe DR_184.png,Severe DR
data\Healthy\Healthy_444.png,Healthy
data\Severe DR\Severe DR_11.png,Severe DR
data\Healthy\Healthy_278.png,Healthy
data\Moderate DR\Moderate_DR_228.png,Moderate DR
data\Healthy\Healthy_275.png,Healthy
data\Severe DR\Severe DR_97.png,Severe DR
data\Mild DR\Mild_DR_279.png,Mild DR
data\Severe DR\Severe DR_195.png,Severe DR
data\Proliferate DR\Proliferate DR_127.png,Proliferate DR
data\Moderate DR\Moderate_DR_174.png,Moderate DR
data\Moderate DR\Moderate_DR_76.png,Moderate DR
data\Healthy\Healthy_15.png,Healthy
data\Mild DR\Mild_DR_142.png,Mild DR
data\Moderate DR\Moderate_DR_570.png,Moderate DR
data\Healthy\Healthy_193.png,Healthy
data\Proliferate DR\Proliferate DR_61.png,Proliferate DR
data\Severe DR\Severe DR_149.png,Severe DR
data\Severe DR\Severe DR_114.png,Severe DR
data\Healthy\Healthy_374.png,Healthy
data\Proliferate DR\Proliferate DR_198.png,Proliferate DR
data\Severe DR\Severe DR_22.png,Severe DR
data\Proliferate DR\Proliferate DR_219.png,Proliferate DR
data\Healthy\Healthy_234.png,Healthy
data\Proliferate DR\Proliferate DR_53.png,Proliferate DR
data\Moderate DR\Moderate_DR_439.png,Moderate DR
data\Mild DR\Mild_DR_222.png,Mild DR
data\Proliferate DR\Proliferate DR_204.png,Proliferate DR
data\Moderate DR\Moderate_DR_556.png,Moderate DR
data\Proliferate DR\Proliferate DR_239.png,Proliferate DR
data\Healthy\Healthy_158.png,Healthy
data\Severe DR\Severe DR_134.png,Severe DR
data\Moderate DR\Moderate_DR_576.png,Moderate DR
data\Severe DR\Severe DR_46.png,Severe DR
data\Mild DR\Mild_DR_158.png,Mild DR
data\Proliferate DR\Proliferate DR_143.png,Proliferate DR
data\Moderate DR\Moderate_DR_173.png,Moderate DR
data\Mild DR\Mild_DR_38.png,Mild DR
data\Moderate DR\Moderate_DR_480.png,Moderate DR
data\Moderate DR\Moderate_DR_225.png,Moderate DR
data\Moderate DR\Moderate_DR_516.png,Moderate DR
data\Mild DR\Mild_DR_6.png,Mild DR
data\Moderate DR\Moderate_DR_56.png,Moderate DR
data\Mild DR\Mild_DR_9.png,Mild DR
data\Proliferate DR\Proliferate DR_91.png,Proliferate DR
data\Proliferate DR\Proliferate DR_208.png,Proliferate DR
data\Healthy\Healthy_388.png,Healthy
data\Healthy\Healthy_277.png,Healthy
data\Severe DR\Severe DR_115.png,Severe DR
data\Moderate DR\Moderate_DR_79.png,Moderate DR
data\Mild DR\Mild_DR_231.png,Mild DR
data\Healthy\Healthy_11.png,Healthy
data\Healthy\Healthy_206.png,Healthy
data\Mild DR\Mild_DR_33.png,Mild DR
data\Moderate DR\Moderate_DR_232.png,Moderate DR
data\Moderate DR\Moderate_DR_40.png,Moderate DR
data\Severe DR\Severe DR_161.png,Severe DR
data\Moderate DR\Moderate_DR_455.png,Moderate DR
data\Healthy\Healthy_296.png,Healthy
data\Moderate DR\Moderate_DR_263.png,Moderate DR
data\Proliferate DR\Proliferate DR_58.png,Proliferate DR
data\Mild DR\Mild_DR_224.png,Mild DR
data\Mild DR\Mild_DR_243.png,Mild DR
data\Healthy\Healthy_226.png,Healthy
data\Severe DR\Severe DR_188.png,Severe DR
data\Moderate DR\Moderate_DR_41.png,Moderate DR
data\Healthy\Healthy_38.png,Healthy
data\Mild DR\Mild_DR_207.png,Mild DR
data\Proliferate DR\Proliferate DR_118.png,Proliferate DR
data\Healthy\Healthy_391.png,Healthy
data\Healthy\Healthy_43.png,Healthy
data\Mild DR\Mild_DR_332.png,Mild DR
data\Proliferate DR\Proliferate DR_76.png,Proliferate DR
data\Moderate DR\Moderate_DR_457.png,Moderate DR
data\Healthy\Healthy_354.png,Healthy
data\Healthy\Healthy_261.png,Healthy
data\Mild DR\Mild_DR_141.png,Mild DR
data\Moderate DR\Moderate_DR_295.png,Moderate DR
data\Healthy\Healthy_232.png,Healthy
data\Moderate DR\Moderate_DR_46.png,Moderate DR
data\Healthy\Healthy_200.png,Healthy
data\Healthy\Healthy_52.png,Healthy
data\Mild DR\Mild_DR_92.png,Mild DR
data\Severe DR\Severe DR_116.png,Severe DR
data\Moderate DR\Moderate_DR_243.png,Moderate DR
data\Severe DR\Severe DR_85.png,Severe DR
data\Mild DR\Mild_DR_135.png,Mild DR
data\Moderate DR\Moderate_DR_569.png,Moderate DR
data\Severe DR\Severe DR_34.png,Severe DR
data\Mild DR\Mild_DR_114.png,Mild DR
data\Proliferate DR\Proliferate DR_205.png,Proliferate DR
data\Moderate DR\Moderate_DR_314.png,Moderate DR
data\Healthy\Healthy_259.png,Healthy
data\Healthy\Healthy_478.png,Healthy
data\Severe DR\Severe DR_158.png,Severe DR
data\Proliferate DR\Proliferate DR_84.png,Proliferate DR
data\Moderate DR\Moderate_DR_419.png,Moderate DR
data\Mild DR\Mild_DR_20.png,Mild DR
data\Healthy\Healthy_431.png,Healthy
data\Mild DR\Mild_DR_14.png,Mild DR
data\Severe DR\Severe DR_25.png,Severe DR
data\Healthy\Healthy_485.png,Healthy
data\Moderate DR\Moderate_DR_330.png,Moderate DR
data\Moderate DR\Moderate_DR_194.png,Moderate DR
data\Mild DR\Mild_DR_171.png,Mild DR
data\Moderate DR\Moderate_DR_307.png,Moderate DR
data\Healthy\Healthy_98.png,Healthy
data\Moderate DR\Moderate_DR_164.png,Moderate DR
data\Moderate DR\Moderate_DR_248.png,Moderate DR
data\Mild DR\Mild_DR_52.png,Mild DR
data\Mild DR\Mild_DR_101.png,Mild DR
data\Proliferate DR\Proliferate DR_157.png,Proliferate DR
data\Mild DR\Mild_DR_330.png,Mild DR
data\Moderate DR\Moderate_DR_581.png,Moderate DR
data\Moderate DR\Moderate_DR_478.png,Moderate DR
data\Moderate DR\Moderate_DR_19.png,Moderate DR
data\Mild DR\Mild_DR_70.png,Mild DR
data\Moderate DR\Moderate_DR_282.png,Moderate DR
data\Moderate DR\Moderate_DR_452.png,Moderate DR
data\Moderate DR\Moderate_DR_87.png,Moderate DR
data\Moderate DR\Moderate_DR_158.png,Moderate DR
data\Moderate DR\Moderate_DR_68.png,Moderate DR
data\Proliferate DR\Proliferate DR_170.png,Proliferate DR
data\Mild DR\Mild_DR_355.png,Mild DR
data\Moderate DR\Moderate_DR_95.png,Moderate DR
data\Mild DR\Mild_DR_99.png,Mild DR
data\Severe DR\Severe DR_131.png,Severe DR
data\Moderate DR\Moderate_DR_366.png,Moderate DR
data\Moderate DR\Moderate_DR_338.png,Moderate DR
data\Healthy\Healthy_212.png,Healthy
data\Moderate DR\Moderate_DR_196.png,Moderate DR
data\Proliferate DR\Proliferate DR_197.png,Proliferate DR
data\Proliferate DR\Proliferate DR_214.png,Proliferate DR
data\Mild DR\Mild_DR_122.png,Mild DR
data\Moderate DR\Moderate_DR_143.png,Moderate DR
data\Healthy\Healthy_169.png,Healthy
data\Moderate DR\Moderate_DR_188.png,Moderate DR
data\Severe DR\Severe DR_40.png,Severe DR
data\Proliferate DR\Proliferate DR_207.png,Proliferate DR
data\Moderate DR\Moderate_DR_202.png,Moderate DR
data\Healthy\Healthy_486.png,Healthy
data\Mild DR\Mild_DR_368.png,Mild DR
data\Moderate DR\Moderate_DR_447.png,Moderate DR
data\Mild DR\Mild_DR_186.png,Mild DR
data\Moderate DR\Moderate_DR_380.png,Moderate DR
data\Healthy\Healthy_222.png,Healthy
data\Mild DR\Mild_DR_37.png,Mild DR
data\Proliferate DR\Proliferate DR_31.png,Proliferate DR
data\Moderate DR\Moderate_DR_530.png,Moderate DR
data\Proliferate DR\Proliferate DR_191.png,Proliferate DR
data\Moderate DR\Moderate_DR_175.png,Moderate DR
data\Proliferate DR\Proliferate DR_276.png,Proliferate DR
data\Severe DR\Severe DR_178.png,Severe DR
data\Mild DR\Mild_DR_238.png,Mild DR
data\Proliferate DR\Proliferate DR_20.png,Proliferate DR
data\Proliferate DR\Proliferate DR_114.png,Proliferate DR
data\Healthy\Healthy_165.png,Healthy
data\Moderate DR\Moderate_DR_233.png,Moderate DR
data\Healthy\Healthy_498.png,Healthy
data\Mild DR\Mild_DR_168.png,Mild DR
data\Healthy\Healthy_410.png,Healthy
data\Moderate DR\Moderate_DR_407.png,Moderate DR
data\Healthy\Healthy_382.png,Healthy
data\Moderate DR\Moderate_DR_320.png,Moderate DR
data\Severe DR\Severe DR_165.png,Severe DR
data\Proliferate DR\Proliferate DR_122.png,Proliferate DR
data\Healthy\Healthy_124.png,Healthy
data\Healthy\Healthy_112.png,Healthy
data\Moderate DR\Moderate_DR_454.png,Moderate DR
data\Severe DR\Severe DR_132.png,Severe DR
data\Healthy\Healthy_450.png,Healthy
data\Moderate DR\Moderate_DR_397.png,Moderate DR
data\Healthy\Healthy_298.png,Healthy
data\Proliferate DR\Proliferate DR_78.png,Proliferate DR
data\Severe DR\Severe DR_86.png,Severe DR
data\Proliferate DR\Proliferate DR_237.png,Proliferate DR
data\Moderate DR\Moderate_DR_486.png,Moderate DR
data\Severe DR\Severe DR_42.png,Severe DR
data\Mild DR\Mild_DR_333.png,Mild DR
data\Moderate DR\Moderate_DR_544.png,Moderate DR
data\Moderate DR\Moderate_DR_213.png,Moderate DR
data\Moderate DR\Moderate_DR_484.png,Moderate DR
data\Mild DR\Mild_DR_58.png,Mild DR
data\Healthy\Healthy_137.png,Healthy
data\Moderate DR\Moderate_DR_589.png,Moderate DR
data\Healthy\Healthy_202.png,Healthy
data\Healthy\Healthy_96.png,Healthy
data\Moderate DR\Moderate_DR_207.png,Moderate DR
data\Moderate DR\Moderate_DR_195.png,Moderate DR
data\Mild DR\Mild_DR_126.png,Mild DR
data\Proliferate DR\Proliferate DR_101.png,Proliferate DR
data\Proliferate DR\Proliferate DR_45.png,Proliferate DR
data\Healthy\Healthy_406.png,Healthy
data\Severe DR\Severe DR_63.png,Severe DR
data\Mild DR\Mild_DR_149.png,Mild DR
data\Mild DR\Mild_DR_212.png,Mild DR
data\Healthy\Healthy_82.png,Healthy
data\Moderate DR\Moderate_DR_47.png,Moderate DR
data\Severe DR\Severe DR_143.png,Severe DR
data\Moderate DR\Moderate_DR_104.png,Moderate DR
data\Healthy\Healthy_72.png,Healthy
data\Mild DR\Mild_DR_143.png,Mild DR
data\Healthy\Healthy_176.png,Healthy
data\Moderate DR\Moderate_DR_585.png,Moderate DR
data\Healthy\Healthy_349.png,Healthy
data\Moderate DR\Moderate_DR_428.png,Moderate DR
data\Moderate DR\Moderate_DR_203.png,Moderate DR
data\Healthy\Healthy_376.png,Healthy
data\Proliferate DR\Proliferate DR_144.png,Proliferate DR
data\Healthy\Healthy_87.png,Healthy
data\Moderate DR\Moderate_DR_515.png,Moderate DR
data\Proliferate DR\Proliferate DR_245.png,Proliferate DR
data\Proliferate DR\Proliferate DR_139.png,Proliferate DR
data\Moderate DR\Moderate_DR_384.png,Moderate DR
data\Mild DR\Mild_DR_86.png,Mild DR
data\Moderate DR\Moderate_DR_208.png,Moderate DR
data\Healthy\Healthy_481.png,Healthy
data\Healthy\Healthy_241.png,Healthy
data\Moderate DR\Moderate_DR_231.png,Moderate DR
data\Moderate DR\Moderate_DR_489.png,Moderate DR
data\Moderate DR\Moderate_DR_504.png,Moderate DR
data\Moderate DR\Moderate_DR_61.png,Moderate DR
data\Moderate DR\Moderate_DR_237.png,Moderate DR
data\Moderate DR\Moderate_DR_595.png,Moderate DR
data\Moderate DR\Moderate_DR_487.png,Moderate DR
data\Severe DR\Severe DR_72.png,Severe DR
data\Healthy\Healthy_470.png,Healthy
data\Healthy\Healthy_366.png,Healthy
data\Moderate DR\Moderate_DR_466.png,Moderate DR
data\Healthy\Healthy_364.png,Healthy
data\Mild DR\Mild_DR_204.png,Mild DR
data\Moderate DR\Moderate_DR_161.png,Moderate DR
data\Moderate DR\Moderate_DR_216.png,Moderate DR
data\Healthy\Healthy_334.png,Healthy
data\Moderate DR\Moderate_DR_343.png,Moderate DR
data\Proliferate DR\Proliferate DR_22.png,Proliferate DR
data\Proliferate DR\Proliferate DR_255.png,Proliferate DR
data\Moderate DR\Moderate_DR_245.png,Moderate DR
data\Mild DR\Mild_DR_26.png,Mild DR
data\Moderate DR\Moderate_DR_135.png,Moderate DR
data\Moderate DR\Moderate_DR_151.png,Moderate DR
data\Severe DR\Severe DR_171.png,Severe DR
data\Moderate DR\Moderate_DR_528.png,Moderate DR
data\Mild DR\Mild_DR_264.png,Mild DR
data\Healthy\Healthy_438.png,Healthy
data\Mild DR\Mild_DR_196.png,Mild DR
data\Proliferate DR\Proliferate DR_265.png,Proliferate DR
data\Moderate DR\Moderate_DR_318.png,Moderate DR
data\Mild DR\Mild_DR_113.png,Mild DR
data\Proliferate DR\Proliferate DR_185.png,Proliferate DR
data\Mild DR\Mild_DR_321.png,Mild DR
data\Mild DR\Mild_DR_44.png,Mild DR
data\Moderate DR\Moderate_DR_249.png,Moderate DR
data\Moderate DR\Moderate_DR_265.png,Moderate DR
data\Proliferate DR\Proliferate DR_13.png,Proliferate DR
data\Severe DR\Severe DR_127.png,Severe DR
data\Mild DR\Mild_DR_73.png,Mild DR
data\Moderate DR\Moderate_DR_342.png,Moderate DR
data\Moderate DR\Moderate_DR_500.png,Moderate DR
data\Proliferate DR\Proliferate DR_67.png,Proliferate DR
data\Healthy\Healthy_459.png,Healthy
data\Proliferate DR\Proliferate DR_227.png,Proliferate DR
data\Proliferate DR\Proliferate DR_244.png,Proliferate DR
data\Severe DR\Severe DR_19.png,Severe DR
data\Proliferate DR\Proliferate DR_62.png,Proliferate DR
data\Severe DR\Severe DR_120.png,Severe DR
data\Moderate DR\Moderate_DR_536.png,Moderate DR
data\Moderate DR\Moderate_DR_374.png,Moderate DR
data\Healthy\Healthy_267.png,Healthy
data\Moderate DR\Moderate_DR_45.png,Moderate DR
data\Mild DR\Mild_DR_147.png,Mild DR
data\Moderate DR\Moderate_DR_39.png,Moderate DR
data\Healthy\Healthy_435.png,Healthy
data\Proliferate DR\Proliferate DR_48.png,Proliferate DR
data\Healthy\Healthy_272.png,Healthy
data\Severe DR\Severe DR_182.png,Severe DR
data\Proliferate DR\Proliferate DR_201.png,Proliferate DR
data\Proliferate DR\Proliferate DR_111.png,Proliferate DR
data\Healthy\Healthy_419.png,Healthy
data\Proliferate DR\Proliferate DR_238.png,Proliferate DR
data\Proliferate DR\Proliferate DR_241.png,Proliferate DR
data\Healthy\Healthy_506.png,Healthy
data\Mild DR\Mild_DR_46.png,Mild DR
data\Moderate DR\Moderate_DR_251.png,Moderate DR
data\Moderate DR\Moderate_DR_425.png,Moderate DR
data\Healthy\Healthy_92.png,Healthy
data\Moderate DR\Moderate_DR_361.png,Moderate DR
data\Mild DR\Mild_DR_22.png,Mild DR
data\Moderate DR\Moderate_DR_599.png,Moderate DR
data\Moderate DR\Moderate_DR_70.png,Moderate DR
data\Healthy\Healthy_20.png,Healthy
data\Mild DR\Mild_DR_36.png,Mild DR
data\Healthy\Healthy_303.png,Healthy
data\Severe DR\Severe DR_9.png,Severe DR
data\Moderate DR\Moderate_DR_336.png,Moderate DR
data\Proliferate DR\Proliferate DR_10.png,Proliferate DR
data\Mild DR\Mild_DR_117.png,Mild DR
data\Mild DR\Mild_DR_334.png,Mild DR
data\Proliferate DR\Proliferate DR_63.png,Proliferate DR
data\Proliferate DR\Proliferate DR_200.png,Proliferate DR
data\Proliferate DR\Proliferate DR_289.png,Proliferate DR
data\Proliferate DR\Proliferate DR_222.png,Proliferate DR
data\Severe DR\Severe DR_190.png,Severe DR
data\Healthy\Healthy_273.png,Healthy
data\Healthy\Healthy_509.png,Healthy
data\Severe DR\Severe DR_24.png,Severe DR
data\Proliferate DR\Proliferate DR_49.png,Proliferate DR
data\Healthy\Healthy_479.png,Healthy
data\Moderate DR\Moderate_DR_281.png,Moderate DR
data\Healthy\Healthy_228.png,Healthy
data\Mild DR\Mild_DR_43.png,Mild DR
data\Moderate DR\Moderate_DR_215.png,Moderate DR
data\Proliferate DR\Proliferate DR_25.png,Proliferate DR
data\Moderate DR\Moderate_DR_226.png,Moderate DR
data\Moderate DR\Moderate_DR_445.png,Moderate DR
data\Proliferate DR\Proliferate DR_286.png,Proliferate DR
data\Moderate DR\Moderate_DR_118.png,Moderate DR
data\Proliferate DR\Proliferate DR_26.png,Proliferate DR
data\Mild DR\Mild_DR_17.png,Mild DR
data\Healthy\Healthy_287.png,Healthy
data\Proliferate DR\Proliferate DR_196.png,Proliferate DR
data\Healthy\Healthy_48.png,Healthy
data\Moderate DR\Moderate_DR_491.png,Moderate DR
data\Moderate DR\Moderate_DR_14.png,Moderate DR
data\Healthy\Healthy_209.png,Healthy
